year,imdb,clean_test,binary
2013,tt1711425,notalk,FAIL
2012,tt1343727,ok,PASS
2013,tt2024544,notalk,FAIL
2013,tt1272878,notalk,FAIL
2013,tt0453562,men,FAIL
2013,tt1335975,men,FAIL
2013,tt1606378,notalk,FAIL
2013,tt2194499,ok,PASS
2013,tt1814621,ok,PASS
2013,tt1815862,notalk,FAIL
2013,tt1800241,ok,PASS
2013,tt1322269,ok,PASS
2013,tt1559547,ok,PASS
2013,tt2334873,ok,PASS
2013,tt1535109,notalk,FAIL
2013,tt1939659,ok,PASS
2013,tt1985966,nowomen,FAIL
2013,tt1690953,ok,PASS
2013,tt2229499,dubious,FAIL
2013,tt1535108,ok,PASS
2013,tt1731141,men,FAIL
2013,tt0848537,ok,PASS
2013,tt0765446,ok,PASS
2013,tt1211956,men,FAIL
2013,tt1288558,ok,PASS
2013,tt1905041,ok,PASS
2013,tt2294629,ok,PASS
2013,tt1583421,ok,PASS
2013,tt1321870,notalk,FAIL
2013,tt2425486,ok,PASS
2013,tt1454468,nowomen,FAIL
2013,tt2191701,men,FAIL
2013,tt1428538,ok,PASS
2013,tt1798709,men,FAIL
2013,tt2024432,men,FAIL
2013,tt2226417,men,FAIL
2013,tt1300854,dubious,FAIL
2013,tt1351685,nowomen,FAIL
2013,tt1650554,ok,PASS
2013,tt1204975,notalk,FAIL
2013,tt1327773,ok,PASS
2013,tt2002718,ok,PASS
2013,tt2023587,ok,PASS
2013,tt0770828,ok,PASS
2013,tt1821549,ok,PASS
2013,tt1670345,notalk,FAIL
2013,tt1483013,men,FAIL
2013,tt2302755,notalk,FAIL
2013,tt1623205,ok,PASS
2013,tt1663662,notalk,FAIL
2013,tt1980209,notalk,FAIL
2013,tt1904996,ok,PASS
2013,tt1699755,dubious,FAIL
2013,tt1854564,ok,PASS
2013,tt1392214,ok,PASS
2013,tt0790736,notalk,FAIL
2013,tt1821694,ok,PASS
2013,tt1411250,notalk,FAIL
2013,tt2364841,nowomen,FAIL
2013,tt1979320,notalk,FAIL
2013,tt1702439,ok,PASS
2013,tt2140373,ok,PASS
2013,tt2053463,ok,PASS
2013,tt1408101,notalk,FAIL
2013,tt1572315,ok,PASS
2013,tt1931435,ok,PASS
2013,tt0816442,ok,PASS
2013,tt1911644,ok,PASS
2013,tt1457767,ok,PASS
2013,tt2193215,ok,PASS
2013,tt0481499,men,FAIL
2013,tt2404311,men,FAIL
2013,tt1837703,notalk,FAIL
2013,tt2005374,nowomen,FAIL
2013,tt1343092,dubious,FAIL
2013,tt1951261,men,FAIL
2013,tt2404463,ok,PASS
2013,tt1170358,notalk,FAIL
2013,tt1517260,dubious,FAIL
2013,tt1951264,ok,PASS
2013,tt0790628,notalk,FAIL
2013,tt2234155,notalk,FAIL
2013,tt2034139,ok,PASS
2013,tt1210819,notalk,FAIL
2013,tt1538403,ok,PASS
2013,tt2184339,dubious,FAIL
2013,tt2017020,ok,PASS
2013,tt1758795,ok,PASS
2013,tt1727388,ok,PASS
2013,tt0993846,notalk,FAIL
2013,tt1430132,ok,PASS
2013,tt1213663,men,FAIL
2013,tt1245492,notalk,FAIL
2013,tt1981115,dubious,FAIL
2013,tt1924429,nowomen,FAIL
2013,tt1860353,dubious,FAIL
2013,tt1588173,men,FAIL
2013,tt1723121,ok,PASS
2013,tt2334879,men,FAIL
2013,tt0816711,dubious,FAIL
2012,tt1611224,dubious,FAIL
2012,tt1591479,nowomen,FAIL
2012,tt1602620,dubious,FAIL
2012,tt1781769,men,FAIL
2012,tt1024648,ok,PASS
2012,tt1440129,notalk,FAIL
2012,tt2125435,dubious,FAIL
2012,tt1758575,ok,PASS
2012,tt1217209,ok,PASS
2012,tt1308729,nowomen,FAIL
2012,tt1991245,notalk,FAIL
2012,tt1706593,notalk,FAIL
2012,tt1371111,ok,PASS
2012,tt1524137,ok,PASS
2012,tt1853728,notalk,FAIL
2012,tt1907668,dubious,FAIL
2012,tt1142977,nowomen,FAIL
2012,tt2243973,ok,PASS
2012,tt0837562,ok,PASS
2012,tt0790724,notalk,FAIL
2012,tt2106476,men,FAIL
2012,tt0401729,ok,PASS
2012,tt1764234,nowomen,FAIL
2012,tt1707386,ok,PASS
2012,tt0454876,notalk,FAIL
2012,tt0443272,ok,PASS
2012,tt1277953,men,FAIL
2012,tt1409024,notalk,FAIL
2012,tt1667353,dubious,FAIL
2012,tt1748122,ok,PASS
2012,tt2094064,dubious,FAIL
2012,tt1598828,ok,PASS
2012,tt2109184,ok,PASS
2012,tt1623288,notalk,FAIL
2012,tt1047540,ok,PASS
2012,tt1716777,ok,PASS
2012,tt1981677,ok,PASS
2012,tt1547234,ok,PASS
2012,tt1234719,notalk,FAIL
2012,tt0485985,men,FAIL
2012,tt1446192,notalk,FAIL
2012,tt1336608,ok,PASS
2012,tt1656190,notalk,FAIL
2012,tt1862079,ok,PASS
2012,tt1931533,notalk,FAIL
2012,tt0938330,ok,PASS
2012,tt1045658,ok,PASS
2012,tt1922777,men,FAIL
2012,tt1074638,dubious,FAIL
2012,tt1735898,ok,PASS
2012,tt1876451,ok,PASS
2012,tt2101441,ok,PASS
2012,tt1800741,ok,PASS
2012,tt1874789,men,FAIL
2012,tt1637725,men,FAIL
2012,tt1232200,notalk,FAIL
2012,tt0948470,men,FAIL
2012,tt0848228,notalk,FAIL
2012,tt1345836,notalk,FAIL
2012,tt1560985,ok,PASS
2012,tt1645170,notalk,FAIL
2012,tt1764651,ok,PASS
2012,tt1601913,nowomen,FAIL
2012,tt0903624,nowomen,FAIL
2012,tt1392170,ok,PASS
2012,tt1649419,men,FAIL
2012,tt1258972,notalk,FAIL
2012,tt1560747,notalk,FAIL
2012,tt1430626,notalk,FAIL
2012,tt1817273,notalk,FAIL
2012,tt1673434,dubious,FAIL
2012,tt1606389,ok,PASS
2012,tt1298649,men,FAIL
2012,tt1596365,notalk,FAIL
2012,tt1840417,notalk,FAIL
2012,tt1621045,ok,PASS
2012,tt1859650,men,FAIL
2012,tt1386703,notalk,FAIL
2012,tt1496025,ok,PASS
2012,tt1655460,ok,PASS
2012,tt1586265,ok,PASS
2012,tt1870529,ok,PASS
2012,tt1646987,notalk,FAIL
2012,tt1772341,ok,PASS
2012,tt1790885,ok,PASS
2011,tt1622547,notalk,FAIL
2011,tt1306980,men,FAIL
2011,tt1571222,dubious,FAIL
2011,tt1422136,ok,PASS
2011,tt1268799,notalk,FAIL
2011,tt1549572,ok,PASS
2011,tt1772240,nowomen,FAIL
2011,tt1430607,notalk,FAIL
2011,tt1478964,ok,PASS
2011,tt1284575,ok,PASS
2011,tt1217613,notalk,FAIL
2011,tt1152398,notalk,FAIL
2011,tt1629705,notalk,FAIL
2011,tt1478338,ok,PASS
2011,tt0458339,notalk,FAIL
2011,tt1216475,men,FAIL
2011,tt1684628,ok,PASS
2011,tt1657507,notalk,FAIL
2011,tt0816462,dubious,FAIL
2011,tt1598778,ok,PASS
2011,tt1372686,men,FAIL
2011,tt0409847,notalk,FAIL
2011,tt1701990,ok,PASS
2011,tt1650043,notalk,FAIL
2011,tt1564349,men,FAIL
2011,tt1462041,ok,PASS
2011,tt0780504,dubious,FAIL
2011,tt1596343,ok,PASS
2011,tt1622979,men,FAIL
2011,tt1068242,ok,PASS
2011,tt1438176,dubious,FAIL
2011,tt1133985,notalk,FAIL
2011,tt0480687,men,FAIL
2011,tt0993842,ok,PASS
2011,tt1201607,notalk,FAIL
2011,tt1506999,nowomen,FAIL
2011,tt1403177,notalk,FAIL
2011,tt1562568,ok,PASS
2011,tt1640459,nowomen,FAIL
2011,tt1411704,men,FAIL
2011,tt1499658,ok,PASS
2011,tt0970179,dubious,FAIL
2011,tt1464540,notalk,FAIL
2011,tt1253864,men,FAIL
2011,tt1637688,notalk,FAIL
2011,tt1606618,ok,PASS
2011,tt1410063,ok,PASS
2011,tt1634122,dubious,FAIL
2011,tt1640484,ok,PASS
2011,tt1564367,dubious,FAIL
2011,tt1788391,dubious,FAIL
2011,tt1448755,nowomen,FAIL
2011,tt1302011,ok,PASS
2011,tt1508675,dubious,FAIL
2011,tt1758692,ok,PASS
2011,tt1219289,notalk,FAIL
2011,tt0466893,ok,PASS
2011,tt1615147,notalk,FAIL
2011,tt1305591,dubious,FAIL
2011,tt1441326,ok,PASS
2011,tt1527186,ok,PASS
2011,tt1605783,ok,PASS
2011,tt1229238,notalk,FAIL
2011,tt1210166,notalk,FAIL
2011,tt1396218,notalk,FAIL
2011,tt1598822,ok,PASS
2011,tt1411238,ok,PASS
2011,tt1720182,ok,PASS
2011,tt1637706,ok,PASS
2011,tt1778304,ok,PASS
2011,tt1092026,ok,PASS
2011,tt1298650,notalk,FAIL
2011,tt0822847,notalk,FAIL
2011,tt0448694,notalk,FAIL
2011,tt1192628,notalk,FAIL
2011,tt0433035,notalk,FAIL
2011,tt1486185,ok,PASS
2011,tt0873886,ok,PASS
2011,tt1498569,ok,PASS
2011,tt1436562,notalk,FAIL
2011,tt1318514,notalk,FAIL
2011,tt1723811,notalk,FAIL
2011,tt1541995,ok,PASS
2011,tt1596346,ok,PASS
2011,tt0945513,notalk,FAIL
2011,tt0999913,ok,PASS
2011,tt0978764,ok,PASS
2011,tt1650062,ok,PASS
2011,tt1675192,ok,PASS
2011,tt1385826,dubious,FAIL
2011,tt0983193,notalk,FAIL
2011,tt1655442,notalk,FAIL
2011,tt1412386,ok,PASS
2011,tt1259521,dubious,FAIL
2011,tt1093357,ok,PASS
2011,tt1535616,ok,PASS
2011,tt1235170,ok,PASS
2011,tt1568346,notalk,FAIL
2011,tt0990407,notalk,FAIL
2011,tt1540133,notalk,FAIL
2011,tt1454029,ok,PASS
2011,tt1007029,ok,PASS
2011,tt1189340,notalk,FAIL
2011,tt0472399,nowomen,FAIL
2011,tt1204342,notalk,FAIL
2011,tt1161864,dubious,FAIL
2011,tt1265990,ok,PASS
2011,tt0472181,ok,PASS
2011,tt1509767,men,FAIL
2011,tt0478304,nowomen,FAIL
2011,tt1324999,ok,PASS
2011,tt0800369,ok,PASS
2011,tt1340800,notalk,FAIL
2011,tt0471042,notalk,FAIL
2011,tt1399103,ok,PASS
2011,tt1568911,notalk,FAIL
2011,tt1291584,notalk,FAIL
2011,tt1389137,men,FAIL
2011,tt1714210,notalk,FAIL
2011,tt0770703,ok,PASS
2011,tt1449283,nowomen,FAIL
2011,tt1270798,ok,PASS
2011,tt1625346,ok,PASS
2011,tt1742336,ok,PASS
2010,tt1542344,dubious,FAIL
2010,tt1014759,ok,PASS
2010,tt1313092,notalk,FAIL
2010,tt1431181,ok,PASS
2010,tt1423894,ok,PASS
2010,tt1532503,notalk,FAIL
2010,tt1164999,notalk,FAIL
2010,tt0947798,ok,PASS
2010,tt1120985,men,FAIL
2010,tt1126591,ok,PASS
2010,tt1194417,notalk,FAIL
2010,tt1020558,notalk,FAIL
2010,tt1438254,notalk,FAIL
2010,tt0800320,dubious,FAIL
2010,tt1244754,ok,PASS
2010,tt1385867,notalk,FAIL
2010,tt1555064,ok,PASS
2010,tt1336617,notalk,FAIL
2010,tt1279935,ok,PASS
2010,tt0989757,nowomen,FAIL
2010,tt1323594,ok,PASS
2010,tt1314655,ok,PASS
2010,tt1196141,ok,PASS
2010,tt0427152,notalk,FAIL
2010,tt1270761,ok,PASS
2010,tt1231583,notalk,FAIL
2010,tt1013860,nowomen,FAIL
2010,tt1282140,ok,PASS
2010,tt0879870,ok,PASS
2010,tt1226273,notalk,FAIL
2010,tt1531663,notalk,FAIL
2010,tt0977855,ok,PASS
2010,tt1433108,nowomen,FAIL
2010,tt1405500,ok,PASS
2010,tt1323045,notalk,FAIL
2010,tt1226229,notalk,FAIL
2010,tt1322312,ok,PASS
2010,tt0947810,nowomen,FAIL
2010,tt1375670,ok,PASS
2010,tt1376195,men,FAIL
2010,tt0926084,ok,PASS
2010,tt1231587,notalk,FAIL
2010,tt0892769,ok,PASS
2010,tt1226236,ok,PASS
2010,tt1375666,dubious,FAIL
2010,tt1591095,ok,PASS
2010,tt1228705,ok,PASS
2010,tt0804497,notalk,FAIL
2010,tt1250777,notalk,FAIL
2010,tt1013743,men,FAIL
2010,tt1038686,ok,PASS
2010,tt1228987,notalk,FAIL
2010,tt0892318,dubious,FAIL
2010,tt0758752,men,FAIL
2010,tt0985694,ok,PASS
2010,tt1371155,ok,PASS
2010,tt1518812,men,FAIL
2010,tt1001526,nowomen,FAIL
2010,tt1470827,nowomen,FAIL
2010,tt1126618,ok,PASS
2010,tt1415283,ok,PASS
2010,tt1334260,ok,PASS
2010,tt1536044,ok,PASS
2010,tt0814255,dubious,FAIL
2010,tt0878835,ok,PASS
2010,tt1424381,nowomen,FAIL
2010,tt0473075,nowomen,FAIL
2010,tt0935075,ok,PASS
2010,tt0493949,ok,PASS
2010,tt1245526,men,FAIL
2010,tt1403981,ok,PASS
2010,tt1053424,ok,PASS
2010,tt0955308,dubious,FAIL
2010,tt0944835,ok,PASS
2010,tt0446029,ok,PASS
2010,tt1028576,ok,PASS
2010,tt1261945,ok,PASS
2010,tt0892791,notalk,FAIL
2010,tt1130884,notalk,FAIL
2010,tt1564585,dubious,FAIL
2010,tt1421051,dubious,FAIL
2010,tt1440292,notalk,FAIL
2010,tt1512235,notalk,FAIL
2010,tt1135084,notalk,FAIL
2010,tt0398286,ok,PASS
2010,tt0429493,nowomen,FAIL
2010,tt1212436,ok,PASS
2010,tt0980970,ok,PASS
2010,tt0968264,dubious,FAIL
2010,tt0455407,ok,PASS
2010,tt1226753,ok,PASS
2010,tt1320253,notalk,FAIL
2010,tt0964517,men,FAIL
2010,tt1139328,men,FAIL
2010,tt0775489,nowomen,FAIL
2010,tt1155076,dubious,FAIL
2010,tt0842926,ok,PASS
2010,tt0954947,notalk,FAIL
2010,tt1504320,ok,PASS
2010,tt0938283,notalk,FAIL
2010,tt1320244,ok,PASS
2010,tt0480255,notalk,FAIL
2010,tt1458175,ok,PASS
2010,tt1386588,nowomen,FAIL
2010,tt1017451,ok,PASS
2010,tt1285016,notalk,FAIL
2010,tt0963966,notalk,FAIL
2010,tt1273678,ok,PASS
2010,tt0889573,men,FAIL
2010,tt1274300,ok,PASS
2010,tt1243957,nowomen,FAIL
2010,tt0840361,notalk,FAIL
2010,tt1325004,ok,PASS
2010,tt0780653,notalk,FAIL
2010,tt1570989,ok,PASS
2010,tt0435761,dubious,FAIL
2010,tt1104001,notalk,FAIL
2010,tt1403865,ok,PASS
2010,tt1465522,ok,PASS
2010,tt0477080,dubious,FAIL
2010,tt0817230,ok,PASS
2010,tt1027718,dubious,FAIL
2010,tt1183923,ok,PASS
2010,tt1235189,notalk,FAIL
2010,tt1399683,ok,PASS
2010,tt1216520,ok,PASS
2010,tt1302067,nowomen,FAIL
2010,tt1414382,ok,PASS
2010,tt1182350,ok,PASS
2009,tt1022603,notalk,FAIL
2009,tt0974661,ok,PASS
2009,tt1190080,notalk,FAIL
2009,tt0472033,nowomen,FAIL
2009,tt0971209,dubious,FAIL
2009,tt1019452,men,FAIL
2009,tt1315981,notalk,FAIL
2009,tt1185836,men,FAIL
2009,tt1091722,men,FAIL
2009,tt1186830,notalk,FAIL
2009,tt1077262,men,FAIL
2009,tt0881891,ok,PASS
2009,tt1174732,ok,PASS
2009,tt0808151,nowomen,FAIL
2009,tt0913354,nowomen,FAIL
2009,tt0375568,dubious,FAIL
2009,tt0499549,men,FAIL
2009,tt1176740,ok,PASS
2009,tt0889583,nowomen,FAIL
2009,tt0901476,ok,PASS
2009,tt0810784,ok,PASS
2009,tt1210042,notalk,FAIL
2009,tt0765010,ok,PASS
2009,tt1232207,notalk,FAIL
2009,tt0795351,ok,PASS
2009,tt1352824,men,FAIL
2009,tt0844471,notalk,FAIL
2009,tt1035736,ok,PASS
2009,tt0327597,ok,PASS
2009,tt0433362,notalk,FAIL
2009,tt1278340,men,FAIL
2009,tt1136608,notalk,FAIL
2009,tt1127180,ok,PASS
2009,tt1191111,notalk,FAIL
2009,tt0780511,men,FAIL
2009,tt0432283,notalk,FAIL
2009,tt1013752,notalk,FAIL
2009,tt1083456,notalk,FAIL
2009,tt1232776,ok,PASS
2009,tt0758746,men,FAIL
2009,tt1201167,notalk,FAIL
2009,tt0436339,notalk,FAIL
2009,tt1046173,notalk,FAIL
2009,tt1034032,notalk,FAIL
2009,tt1194263,notalk,FAIL
2009,tt1289406,notalk,FAIL
2009,tt0417741,ok,PASS
2009,tt1001508,ok,PASS
2009,tt1024744,nowomen,FAIL
2009,tt1045772,notalk,FAIL
2009,tt1155056,men,FAIL
2009,tt1080016,notalk,FAIL
2009,tt0361748,dubious,FAIL
2009,tt1057500,notalk,FAIL
2009,tt1230414,ok,PASS
2009,tt1131734,ok,PASS
2009,tt1135503,ok,PASS
2009,tt0448011,notalk,FAIL
2009,tt1197624,notalk,FAIL
2009,tt0808526,ok,PASS
2009,tt1149361,dubious,FAIL
2009,tt0892782,dubious,FAIL
2009,tt1182345,notalk,FAIL
2009,tt1121977,ok,PASS
2009,tt1179891,men,FAIL
2009,tt1078588,ok,PASS
2009,tt0875034,men,FAIL
2009,tt1186367,notalk,FAIL
2009,tt1266029,dubious,FAIL
2009,tt1235796,ok,PASS
2009,tt1532957,men,FAIL
2009,tt1188729,notalk,FAIL
2009,tt1003034,nowomen,FAIL
2009,tt0762125,notalk,FAIL
2009,tt0929632,ok,PASS
2009,tt1152836,notalk,FAIL
2009,tt0465580,ok,PASS
2009,tt0988045,notalk,FAIL
2009,tt1017460,ok,PASS
2009,tt0796366,ok,PASS
2009,tt0473705,ok,PASS
2009,tt0986263,notalk,FAIL
2009,tt0438488,men,FAIL
2009,tt0878804,men,FAIL
2009,tt1131729,nowomen,FAIL
2009,tt1300851,nowomen,FAIL
2009,tt0362478,ok,PASS
2009,tt0896923,ok,PASS
2009,tt1144884,ok,PASS
2009,tt1220198,ok,PASS
2009,tt1132620,dubious,FAIL
2009,tt1103982,dubious,FAIL
2009,tt1247662,ok,PASS
2009,tt1119646,notalk,FAIL
2009,tt1054606,notalk,FAIL
2009,tt1130080,notalk,FAIL
2009,tt1058017,men,FAIL
2009,tt0824758,ok,PASS
2009,tt0380510,ok,PASS
2009,tt1234548,nowomen,FAIL
2009,tt0790712,notalk,FAIL
2009,tt0780521,ok,PASS
2009,tt1041829,men,FAIL
2009,tt0898367,notalk,FAIL
2009,tt0485601,nowomen,FAIL
2009,tt0821642,notalk,FAIL
2009,tt1111422,nowomen,FAIL
2009,tt0452694,dubious,FAIL
2009,tt1142988,men,FAIL
2009,tt1139668,ok,PASS
2009,tt0962736,ok,PASS
2009,tt1055369,ok,PASS
2009,tt1049413,notalk,FAIL
2009,tt1193138,men,FAIL
2009,tt1068678,ok,PASS
2009,tt0409459,men,FAIL
2009,tt1178663,dubious,FAIL
2009,tt0386117,notalk,FAIL
2009,tt1172233,ok,PASS
2009,tt0365929,ok,PASS
2009,tt0458525,dubious,FAIL
2009,tt0448182,ok,PASS
2009,tt0403702,notalk,FAIL
2009,tt1156398,ok,PASS
2008,tt0478087,ok,PASS
2008,tt0800308,notalk,FAIL
2008,tt0455824,men,FAIL
2008,tt0871426,ok,PASS
2008,tt0799934,notalk,FAIL
2008,tt0960731,ok,PASS
2008,tt0861689,ok,PASS
2008,tt0397892,ok,PASS
2008,tt0887883,notalk,FAIL
2008,tt0824747,ok,PASS
2008,tt0892255,notalk,FAIL
2008,tt0970411,ok,PASS
2008,tt1060277,ok,PASS
2008,tt0489018,ok,PASS
2008,tt0452608,notalk,FAIL
2008,tt1034303,ok,PASS
2008,tt0832266,ok,PASS
2008,tt0483607,ok,PASS
2008,tt0918927,ok,PASS
2008,tt1059786,notalk,FAIL
2008,tt0808244,ok,PASS
2008,tt1129423,men,FAIL
2008,tt0486321,nowomen,FAIL
2008,tt0800039,ok,PASS
2008,tt0369436,ok,PASS
2008,tt0870111,notalk,FAIL
2008,tt0978759,ok,PASS
2008,tt0876563,ok,PASS
2008,tt0995039,notalk,FAIL
2008,tt1205489,men,FAIL
2008,tt1104733,ok,PASS
2008,tt0448157,nowomen,FAIL
2008,tt1227929,ok,PASS
2008,tt0962726,ok,PASS
2008,tt0465502,men,FAIL
2008,tt0780536,notalk,FAIL
2008,tt0367882,notalk,FAIL
2008,tt0494238,ok,PASS
2008,tt0371746,men,FAIL
2008,tt0373051,notalk,FAIL
2008,tt0489099,notalk,FAIL
2008,tt0441773,notalk,FAIL
2008,tt1139797,notalk,FAIL
2008,tt0866439,men,FAIL
2008,tt0467197,ok,PASS
2008,tt0765476,notalk,FAIL
2008,tt1013753,notalk,FAIL
2008,tt1046997,men,FAIL
2008,tt0981227,ok,PASS
2008,tt0410377,ok,PASS
2008,tt0910936,men,FAIL
2008,tt1226681,nowomen,FAIL
2008,tt0368563,ok,PASS
2008,tt0926129,ok,PASS
2008,tt0830515,notalk,FAIL
2008,tt1082868,ok,PASS
2008,tt1084950,ok,PASS
2008,tt0959337,ok,PASS
2008,tt1032755,notalk,FAIL
2008,tt0814314,ok,PASS
2008,tt1000774,ok,PASS
2008,tt1010048,notalk,FAIL
2008,tt0811080,ok,PASS
2008,tt0942903,dubious,FAIL
2008,tt0838283,notalk,FAIL
2008,tt0862846,ok,PASS
2008,tt0383028,dubious,FAIL
2008,tt0936501,ok,PASS
2008,tt0200465,ok,PASS
2008,tt0844286,dubious,FAIL
2008,tt0499448,ok,PASS
2008,tt0421715,dubious,FAIL
2008,tt0468569,dubious,FAIL
2008,tt0970416,ok,PASS
2008,tt0406759,ok,PASS
2008,tt0865556,notalk,FAIL
2008,tt0852713,ok,PASS
2008,tt0887912,notalk,FAIL
2008,tt0800080,notalk,FAIL
2008,tt0981072,ok,PASS
2008,tt0467200,ok,PASS
2008,tt0976051,notalk,FAIL
2008,tt0416212,ok,PASS
2008,tt1018785,ok,PASS
2008,tt0482606,dubious,FAIL
2008,tt420238,ok,PASS
2008,tt0430770,ok,PASS
2008,tt1125849,notalk,FAIL
2008,tt0882978,notalk,FAIL
2008,tt0800241,ok,PASS
2008,tt0942385,nowomen,FAIL
2008,tt1099212,ok,PASS
2008,tt0985699,notalk,FAIL
2008,tt0497465,ok,PASS
2008,tt0910970,notalk,FAIL
2008,tt1185616,nowomen,FAIL
2008,tt0493464,notalk,FAIL
2008,tt0494652,dubious,FAIL
2008,tt1152850,ok,PASS
2008,tt1033643,ok,PASS
2008,tt1068680,notalk,FAIL
2007,tt1038988,ok,PASS
2007,tt0450385,ok,PASS
2007,tt0463854,ok,PASS
2007,tt0381849,nowomen,FAIL
2007,tt0389722,men,FAIL
2007,tt0411061,notalk,FAIL
2007,tt0445922,ok,PASS
2007,tt0783233,ok,PASS
2007,tt0416508,ok,PASS
2007,tt0442933,ok,PASS
2007,tt0445934,ok,PASS
2007,tt0398808,ok,PASS
2007,tt0283503,ok,PASS
2007,tt0423977,men,FAIL
2007,tt0472062,ok,PASS
2007,tt0795368,ok,PASS
2007,tt0848557,ok,PASS
2007,tt0486822,ok,PASS
2007,tt0765443,ok,PASS
2007,tt0461770,ok,PASS
2007,tt0486576,dubious,FAIL
2007,tt0452623,ok,PASS
2007,tt0427327,ok,PASS
2007,tt0373883,ok,PASS
2007,tt0367959,notalk,FAIL
2007,tt0373889,ok,PASS
2007,tt0465494,nowomen,FAIL
2007,tt0498353,ok,PASS
2007,tt0425112,notalk,FAIL
2007,tt0787475,notalk,FAIL
2007,tt0480249,ok,PASS
2007,tt0758758,notalk,FAIL
2007,tt0467406,ok,PASS
2007,tt0478311,ok,PASS
2007,tt0805564,ok,PASS
2007,tt0337978,notalk,FAIL
2007,tt0465538,men,FAIL
2007,tt0758766,men,FAIL
2007,tt0477348,dubious,FAIL
2007,tt0481141,ok,PASS
2007,tt1179904,dubious,FAIL
2007,tt0808417,ok,PASS
2007,tt0449088,ok,PASS
2007,tt0477071,ok,PASS
2007,tt0382932,nowomen,FAIL
2007,tt0432021,ok,PASS
2007,tt00293564,notalk,FAIL
2007,tt0822854,notalk,FAIL
2007,tt0413267,ok,PASS
2007,tt0964587,ok,PASS
2007,tt0486655,ok,PASS
2007,tt0448134,notalk,FAIL
2007,tt0829482,notalk,FAIL
2007,tt0815244,ok,PASS
2007,tt0780622,dubious,FAIL
2007,tt0825232,notalk,FAIL
2007,tt0385752,ok,PASS
2007,tt0419887,nowomen,FAIL
2007,tt0756683,notalk,FAIL
2007,tt0425430,ok,PASS
2007,tt0884328,ok,PASS
2007,tt0481369,notalk,FAIL
2007,tt0775529,ok,PASS
2007,tt0780607,men,FAIL
2007,tt0462538,ok,PASS
2007,tt0857191,dubious,FAIL
2007,tt0469494,nowomen,FAIL
2007,tt0453556,notalk,FAIL
2007,tt0418279,notalk,FAIL
2007,tt0861739,ok,PASS
2007,tt0473308,ok,PASS
2007,tt0498399,nowomen,FAIL
2007,tt0496436,notalk,FAIL
2006,tt0416449,nowomen,FAIL
2006,tt0405296,notalk,FAIL
2006,tt0437800,ok,PASS
2006,tt0429591,ok,PASS
2006,tt0416496,ok,PASS
2006,tt0454082,ok,PASS
2006,tt0450259,notalk,FAIL
2006,tt0479647,notalk,FAIL
2006,tt0443453,notalk,FAIL
2006,tt0470705,ok,PASS
2006,tt0317219,notalk,FAIL
2006,tt0381061,notalk,FAIL
2006,tt0206634,ok,PASS
2006,tt0424345,dubious,FAIL
2006,tt0479884,nowomen,FAIL
2006,tt0405094,nowomen,FAIL
2006,tt0398913,ok,PASS
2006,tt0457430,ok,PASS
2006,tt0449010,notalk,FAIL
2006,tt0457572,men,FAIL
2006,tt0414982,ok,PASS
2006,tt0424095,nowomen,FAIL
2006,tt0470765,ok,PASS
2006,tt0436331,ok,PASS
2006,tt0438097,notalk,FAIL
2006,tt0417225,ok,PASS
2006,tt0454848,dubious,FAIL
2006,tt0493430,notalk,FAIL
2006,tt0452637,men,FAIL
2006,tt0408985,ok,PASS
2006,tt0498380,notalk,FAIL
2006,tt0404203,ok,PASS
2006,tt0449059,ok,PASS
2006,tt0490166,ok,PASS
2006,tt0425210,notalk,FAIL
2006,tt0483726,notalk,FAIL
2006,tt0422720,ok,PASS
2006,tt0482546,ok,PASS
2006,tt0385880,ok,PASS
2006,tt0457510,nowomen,FAIL
2006,tt0477347,ok,PASS
2006,tt0465551,ok,PASS
2006,tt0907657,men,FAIL
2006,tt0400717,notalk,FAIL
2006,tt0401711,dubious,FAIL
2006,tt0396171,ok,PASS
2006,tt0383574,men,FAIL
2006,tt0409182,men,FAIL
2006,tt0451176,ok,PASS
2006,tt0405508,ok,PASS
2006,tt0439289,ok,PASS
2006,tt0454945,men,FAIL
2006,tt0423169,dubious,FAIL
2006,tt0367027,ok,PASS
2006,tt0384537,ok,PASS
2006,tt0439815,ok,PASS
2006,tt0475394,dubious,FAIL
2006,tt0417148,ok,PASS
2006,tt0405336,ok,PASS
2006,tt0430634,ok,PASS
2006,tt0420223,ok,PASS
2006,tt0348150,notalk,FAIL
2006,tt0446046,ok,PASS
2006,tt0429589,men,FAIL
2006,tt0452594,notalk,FAIL
2006,tt0382625,notalk,FAIL
2006,tt0783238,ok,PASS
2006,tt0407887,notalk,FAIL
2006,tt0458352,ok,PASS
2006,tt0414993,dubious,FAIL
2006,tt0433386,ok,PASS
2006,tt0464049,notalk,FAIL
2006,tt0457939,ok,PASS
2006,tt0468492,ok,PASS
2006,tt0443543,nowomen,FAIL
2006,tt0410297,dubious,FAIL
2006,tt0446755,dubious,FAIL
2006,tt0482571,notalk,FAIL
2006,tt0454921,nowomen,FAIL
2006,tt0436697,dubious,FAIL
2006,tt0460989,notalk,FAIL
2006,tt0370032,notalk,FAIL
2006,tt0441909,ok,PASS
2006,tt0758794,notalk,FAIL
2006,tt0455857,ok,PASS
2006,tt0477139,notalk,FAIL
2006,tt0376994,ok,PASS
2006,tt0463034,notalk,FAIL
2006,tt0383060,ok,PASS
2006,tt0389557,ok,PASS
2005,tt0402022,ok,PASS
2005,tt0398712,ok,PASS
2005,tt0372784,notalk,FAIL
2005,tt0388500,ok,PASS
2005,tt0374536,ok,PASS
2005,tt0383222,dubious,FAIL
2005,tt0357507,men,FAIL
2005,tt0439478,ok,PASS
2005,tt0393109,notalk,FAIL
2005,tt0388795,notalk,FAIL
2005,tt0379725,dubious,FAIL
2005,tt0367594,ok,PASS
2005,tt0451094,ok,PASS
2005,tt0352248,men,FAIL
2005,tt0393162,ok,PASS
2005,tt0360486,notalk,FAIL
2005,tt0435623,nowomen,FAIL
2005,tt0121164,dubious,FAIL
2005,tt0257516,ok,PASS
2005,tt0342258,notalk,FAIL
2005,tt0382628,ok,PASS
2005,tt0342272,notalk,FAIL
2005,tt0421054,ok,PASS
2005,tt0419706,notalk,FAIL
2005,tt0120667,notalk,FAIL
2005,tt0408790,ok,PASS
2005,tt0369441,ok,PASS
2005,tt0433383,notalk,FAIL
2005,tt0424136,ok,PASS
2005,tt0330373,notalk,FAIL
2005,tt0400497,ok,PASS
2005,tt0382077,ok,PASS
2005,tt0386588,men,FAIL
2005,tt0443536,ok,PASS
2005,tt0450278,notalk,FAIL
2005,tt0410097,dubious,FAIL
2005,tt0396652,ok,PASS
2005,tt0418763,nowomen,FAIL
2005,tt0418773,ok,PASS
2005,tt0425123,ok,PASS
2005,tt0360717,nowomen,FAIL
2005,tt0320661,nowomen,FAIL
2005,tt0373469,notalk,FAIL
2005,tt0399295,men,FAIL
2005,tt0351283,nowomen,FAIL
2005,tt0331933,ok,PASS
2005,tt0416320,ok,PASS
2005,tt0415978,ok,PASS
2005,tt0397535,ok,PASS
2005,tt0366780,ok,PASS
2005,tt0385307,ok,PASS
2005,tt0356910,men,FAIL
2005,tt0408306,notalk,FAIL
2005,tt0395972,ok,PASS
2005,tt0380599,notalk,FAIL
2005,tt0414387,ok,PASS
2005,tt0377107,ok,PASS
2005,tt0421239,ok,PASS
2005,tt0294870,ok,PASS
2005,tt0358082,notalk,FAIL
2005,tt0432348,dubious,FAIL
2005,tt0379786,ok,PASS
2005,tt0338427,men,FAIL
2005,tt0401792,ok,PASS
2005,tt0474361,ok,PASS
2005,tt0405325,ok,PASS
2005,tt0362165,notalk,FAIL
2005,tt0121766,notalk,FAIL
2005,tt0382992,notalk,FAIL
2005,tt0369994,ok,PASS
2005,tt0427944,notalk,FAIL
2005,tt0405422,men,FAIL
2005,tt0424774,notalk,FAIL
2005,tt0384806,ok,PASS
2005,tt0357110,ok,PASS
2005,tt0363771,ok,PASS
2005,tt0387131,ok,PASS
2005,tt0435625,ok,PASS
2005,tt0395584,ok,PASS
2005,tt0404032,ok,PASS
2005,tt0432291,ok,PASS
2005,tt0371724,notalk,FAIL
2005,tt0399201,ok,PASS
2005,tt0366627,men,FAIL
2005,tt0386140,notalk,FAIL
2005,tt0402399,dubious,FAIL
2005,tt0377109,ok,PASS
2005,tt0397101,ok,PASS
2005,tt0367089,men,FAIL
2005,tt0372532,ok,PASS
2005,tt0407265,ok,PASS
2005,tt0423409,men,FAIL
2005,tt0434409,ok,PASS
2005,tt0348333,ok,PASS
2005,tt0358273,ok,PASS
2005,tt0407304,notalk,FAIL
2005,tt0240200,ok,PASS
2005,tt0375210,notalk,FAIL
2005,tt0443295,ok,PASS
2005,tt0406375,nowomen,FAIL
2004,tt0337563,ok,PASS
2004,tt0212712,ok,PASS
2004,tt0343660,men,FAIL
2004,tt0356470,ok,PASS
2004,tt0359423,dubious,FAIL
2004,tt0344510,ok,PASS
2004,tt0357413,men,FAIL
2004,tt0327437,notalk,FAIL
2004,tt0370263,dubious,FAIL
2004,tt0414852,nowomen,FAIL
2004,tt0381681,nowomen,FAIL
2004,tt0317198,ok,PASS
2004,tt0327554,ok,PASS
2004,tt0337921,ok,PASS
2004,tt0376541,ok,PASS
2004,tt0369339,nowomen,FAIL
2004,tt0345074,ok,PASS
2004,tt0375679,ok,PASS
2004,tt0367631,ok,PASS
2004,tt0363547,ok,PASS
2004,tt0364725,ok,PASS
2004,tt0327679,ok,PASS
2004,tt0338013,men,FAIL
2004,tt0349416,ok,PASS
2004,tt0308644,ok,PASS
2004,tt0377062,nowomen,FAIL
2004,tt0333766,ok,PASS
2004,tt0366551,ok,PASS
2004,tt0304141,ok,PASS
2004,tt0167190,notalk,FAIL
2004,tt0299172,ok,PASS
2004,tt0356721,ok,PASS
2004,tt0343818,notalk,FAIL
2004,tt0385267,notalk,FAIL
2004,tt0362269,ok,PASS
2004,tt0373074,nowomen,FAIL
2004,tt0375912,notalk,FAIL
2004,tt0339291,ok,PASS
2004,tt0390221,ok,PASS
2004,tt0377092,ok,PASS
2004,tt0405159,ok,PASS
2004,tt0349825,notalk,FAIL
2004,tt0382189,ok,PASS
2004,tt0374900,notalk,FAIL
2004,tt0363282,notalk,FAIL
2004,tt0390384,notalk,FAIL
2004,tt0350028,ok,PASS
2004,tt0350258,dubious,FAIL
2004,tt0318627,ok,PASS
2004,tt0332375,ok,PASS
2004,tt0387564,men,FAIL
2004,tt0363988,notalk,FAIL
2004,tt0307453,notalk,FAIL
2004,tt0365748,ok,PASS
2004,tt0298148,ok,PASS
2004,tt0375063,ok,PASS
2004,tt0346156,ok,PASS
2004,tt0371246,ok,PASS
2004,tt0316654,notalk,FAIL
2004,tt0372588,men,FAIL
2004,tt0338751,notalk,FAIL
2004,tt0372183,men,FAIL
2004,tt0289879,men,FAIL
2004,tt0296572,men,FAIL
2004,tt0319262,ok,PASS
2004,tt0391198,ok,PASS
2004,tt0317705,ok,PASS
2004,tt0362270,men,FAIL
2004,tt0332280,dubious,FAIL
2004,tt0293508,men,FAIL
2004,tt0338348,notalk,FAIL
2004,tt0368933,ok,PASS
2004,tt0327162,ok,PASS
2004,tt0362227,notalk,FAIL
2004,tt0368447,ok,PASS
2004,tt0327247,notalk,FAIL
2004,tt0332452,notalk,FAIL
2004,tt0338526,ok,PASS
2004,tt0383694,ok,PASS
2004,tt0381707,ok,PASS
2004,tt0360201,ok,PASS
2003,tt0322259,notalk,FAIL
2003,tt0315733,dubious,FAIL
2003,tt0319061,notalk,FAIL
2003,tt0310778,ok,PASS
2003,tt0315327,ok,PASS
2003,tt0305357,ok,PASS
2003,tt0159365,ok,PASS
2003,tt0306685,notalk,FAIL
2003,tt0317303,ok,PASS
2003,tt0287978,nowomen,FAIL
2003,tt0282209,notalk,FAIL
2003,tt0285531,nowomen,FAIL
2003,tt0309593,ok,PASS
2003,tt0266543,notalk,FAIL
2003,tt0322330,ok,PASS
2003,tt0335119,ok,PASS
2003,tt0301357,ok,PASS
2003,tt0311289,men,FAIL
2003,tt0329717,notalk,FAIL
2003,tt0315983,ok,PASS
2003,tt0251127,men,FAIL
2003,tt0286716,notalk,FAIL
2003,tt0309698,notalk,FAIL
2003,tt0199626,ok,PASS
2003,tt0301470,ok,PASS
2003,tt0266697,ok,PASS
2003,tt0325703,nowomen,FAIL
2003,tt0333780,ok,PASS
2003,tt0286244,ok,PASS
2003,tt0335266,dubious,FAIL
2003,tt0314331,ok,PASS
2003,tt0311113,nowomen,FAIL
2003,tt0304415,ok,PASS
2003,tt0340855,ok,PASS
2003,tt0327056,ok,PASS
2003,tt0316396,ok,PASS
2003,tt0325980,men,FAIL
2003,tt0366920,ok,PASS
2003,tt0257076,ok,PASS
2003,tt0306047,ok,PASS
2003,tt0327137,notalk,FAIL
2003,tt0300471,notalk,FAIL
2003,tt0323944,men,FAIL
2003,tt0165982,men,FAIL
2003,tt0337741,dubious,FAIL
2003,tt0338459,ok,PASS
2003,tt0324133,ok,PASS
2003,tt0181852,ok,PASS
2003,tt0298814,ok,PASS
2003,tt0317740,notalk,FAIL
2003,tt0283426,nowomen,FAIL
2003,tt0325710,nowomen,FAIL
2003,tt0311429,nowomen,FAIL
2003,tt0167260,notalk,FAIL
2003,tt0234215,ok,PASS
2003,tt0242653,ok,PASS
2003,tt0338188,ok,PASS
2003,tt0332379,dubious,FAIL
2003,tt0328538,ok,PASS
2003,tt0300556,notalk,FAIL
2003,tt0339840,ok,PASS
2003,tt0320691,dubious,FAIL
2003,tt0295700,ok,PASS
2003,tt0290334,ok,PASS
2002,tt0307901,men,FAIL
2002,tt0289043,ok,PASS
2002,tt0283832,ok,PASS
2002,tt0298203,notalk,FAIL
2002,tt0257360,notalk,FAIL
2002,tt0268126,dubious,FAIL
2002,tt0286261,ok,PASS
2002,tt0168786,notalk,FAIL
2002,tt0295178,notalk,FAIL
2002,tt0286499,ok,PASS
2002,tt0187738,notalk,FAIL
2002,tt0300532,ok,PASS
2002,tt0303816,ok,PASS
2002,tt0319970,ok,PASS
2002,tt0264464,notalk,FAIL
2002,tt0299658,ok,PASS
2002,tt0275022,ok,PASS
2002,tt0266452,men,FAIL
2002,tt0246460,men,FAIL
2002,tt0303933,notalk,FAIL
2002,tt0238380,notalk,FAIL
2002,tt0297884,ok,PASS
2002,tt0120679,men,FAIL
2002,tt0327753,ok,PASS
2002,tt0217505,notalk,FAIL
2002,tt0302674,nowomen,FAIL
2002,tt0295297,ok,PASS
2002,tt0257756,ok,PASS
2002,tt0297181,notalk,FAIL
2002,tt0268380,nowomen,FAIL
2002,tt0280760,men,FAIL
2002,tt0278504,notalk,FAIL
2002,tt0275847,ok,PASS
2002,tt0252076,ok,PASS
2002,tt0303361,ok,PASS
2002,tt0120912,notalk,FAIL
2002,tt0181689,notalk,FAIL
2002,tt0280590,men,FAIL
2002,tt0259446,ok,PASS
2002,tt0258000,ok,PASS
2002,tt0183649,notalk,FAIL
2002,tt0238546,ok,PASS
2002,tt0252444,ok,PASS
2002,tt0296166,ok,PASS
2002,tt0289765,notalk,FAIL
2002,tt0253556,notalk,FAIL
2002,tt0120804,ok,PASS
2002,tt0267913,ok,PASS
2002,tt0286106,notalk,FAIL
2002,tt0281373,notalk,FAIL
2002,tt0307479,notalk,FAIL
2002,tt0145487,notalk,FAIL
2002,tt0166813,nowomen,FAIL
2002,tt0283003,ok,PASS
2002,tt0287717,ok,PASS
2002,tt0253754,notalk,FAIL
2002,tt0121765,dubious,FAIL
2002,tt0180052,men,FAIL
2002,tt0280460,ok,PASS
2002,tt0258463,notalk,FAIL
2002,tt0238924,notalk,FAIL
2002,tt0279113,ok,PASS
2002,tt0274558,ok,PASS
2002,tt0278500,ok,PASS
2002,tt0167261,notalk,FAIL
2002,tt0289408,ok,PASS
2002,tt0258068,men,FAIL
2002,tt0298130,ok,PASS
2002,tt0292644,dubious,FAIL
2002,tt0304669,notalk,FAIL
2002,tt0253867,ok,PASS
2002,tt0293662,nowomen,FAIL
2002,tt0290095,nowomen,FAIL
2002,tt0133240,notalk,FAIL
2002,tt0283084,ok,PASS
2002,tt0313737,ok,PASS
2002,tt0277434,ok,PASS
2002,tt0298228,ok,PASS
2002,tt0283139,ok,PASS
2002,tt0295701,notalk,FAIL
2001,tt0268978,notalk,FAIL
2001,tt0183790,men,FAIL
2001,tt0164334,ok,PASS
2001,tt0244000,notalk,FAIL
2001,tt0218817,men,FAIL
2001,tt0212720,notalk,FAIL
2001,tt0230011,notalk,FAIL
2001,tt0265086,nowomen,FAIL
2001,tt0221027,notalk,FAIL
2001,tt0243155,ok,PASS
2001,tt0260866,ok,PASS
2001,tt0246578,dubious,FAIL
2001,tt0240462,ok,PASS
2001,tt0251075,ok,PASS
2001,tt0120681,dubious,FAIL
2001,tt0162346,ok,PASS
2001,tt0280707,ok,PASS
2001,tt0212985,ok,PASS
2001,tt0241527,ok,PASS
2001,tt0248845,ok,PASS
2001,tt0253126,ok,PASS
2001,tt0160399,nowomen,FAIL
2001,tt0211443,ok,PASS
2001,tt0261392,ok,PASS
2001,tt0263488,ok,PASS
2001,tt0236348,ok,PASS
2001,tt0035423,men,FAIL
2001,tt0271027,notalk,FAIL
2001,tt0264761,ok,PASS
2001,tt0242587,notalk,FAIL
2001,tt0146316,nowomen,FAIL
2001,tt0250494,ok,PASS
2001,tt0258273,ok,PASS
2001,tt0166276,dubious,FAIL
2001,tt0265343,ok,PASS
2001,tt0198781,notalk,FAIL
2001,tt0203009,ok,PASS
2001,tt0166924,ok,PASS
2001,tt0161860,ok,PASS
2001,tt0240772,notalk,FAIL
2001,tt0181739,dubious,FAIL
2001,tt0213149,men,FAIL
2001,tt0206275,ok,PASS
2001,tt0256380,ok,PASS
2001,tt0286112,nowomen,FAIL
2001,tt0126029,notalk,FAIL
2001,tt0244970,ok,PASS
2001,tt0227538,ok,PASS
2001,tt0247745,notalk,FAIL
2001,tt0232500,notalk,FAIL
2001,tt0221218,ok,PASS
2001,tt0290879,ok,PASS
2001,tt0120737,notalk,FAIL
2001,tt0268995,notalk,FAIL
2001,tt0267804,nowomen,FAIL
2001,tt0230600,ok,PASS
2001,tt0247638,ok,PASS
2001,tt0265666,ok,PASS
2001,tt0209475,ok,PASS
2001,tt0245674,notalk,FAIL
2001,tt0139654,notalk,FAIL
2001,tt0242998,men,FAIL
2001,tt0259711,notalk,FAIL
2001,tt0196229,ok,PASS
2000,tt0191754,ok,PASS
2000,tt0181875,ok,PASS
2000,tt0144084,notalk,FAIL
2000,tt0221889,ok,PASS
2000,tt0218839,ok,PASS
2000,tt0249462,ok,PASS
2000,tt0181984,notalk,FAIL
2000,tt0204946,ok,PASS
2000,tt0162222,notalk,FAIL
2000,tt0173716,ok,PASS
2000,tt0210616,ok,PASS
2000,tt0160127,ok,PASS
2000,tt0120630,ok,PASS
2000,tt0241303,ok,PASS
2000,tt0200550,men,FAIL
2000,tt0168629,ok,PASS
2000,tt0242423,men,FAIL
2000,tt0142032,ok,PASS
2000,tt0195685,ok,PASS
2000,tt0195714,notalk,FAIL
2000,tt0172495,nowomen,FAIL
2000,tt0187078,notalk,FAIL
2000,tt0146882,men,FAIL
2000,tt0164052,ok,PASS
2000,tt0185431,notalk,FAIL
2000,tt0199725,ok,PASS
2000,tt0212338,men,FAIL
2000,tt0209144,notalk,FAIL
2000,tt0212346,ok,PASS
2000,tt0183523,notalk,FAIL
2000,tt0190590,nowomen,FAIL
2000,tt0134847,ok,PASS
2000,tt0257001,men,FAIL
2000,tt0199753,nowomen,FAIL
2000,tt0210945,notalk,FAIL
2000,tt0180093,ok,PASS
2000,tt0122459,dubious,FAIL
2000,tt0165929,nowomen,FAIL
2000,tt0213203,ok,PASS
2000,tt0195234,ok,PASS
2000,tt0134084,ok,PASS
2000,tt0203119,men,FAIL
2000,tt0184894,notalk,FAIL
2000,tt0208092,nowomen,FAIL
2000,tt0210299,ok,PASS
2000,tt0163978,notalk,FAIL
2000,tt0209958,men,FAIL
2000,tt0120917,ok,PASS
2000,tt0219699,dubious,FAIL
2000,tt0187393,dubious,FAIL
2000,tt0138749,nowomen,FAIL
2000,tt0202677,men,FAIL
2000,tt0190138,ok,PASS
2000,tt0146309,notalk,FAIL
2000,tt0120913,ok,PASS
2000,tt0217869,nowomen,FAIL
2000,tt0182508,notalk,FAIL
2000,tt0190865,notalk,FAIL
2000,tt0161081,ok,PASS
2000,tt0207201,notalk,FAIL
2000,tt0198021,ok,PASS
2000,tt0190332,ok,PASS
2000,tt0120903,notalk,FAIL
1999,tt0147800,ok,PASS
1999,tt0134273,notalk,FAIL
1999,tt0169547,ok,PASS
1999,tt0163651,men,FAIL
1999,tt0122933,notalk,FAIL
1999,tt0166485,men,FAIL
1999,tt0149691,dubious,FAIL
1999,tt0145660,notalk,FAIL
1999,tt0120601,ok,PASS
1999,tt0165643,ok,PASS
1999,tt0181316,notalk,FAIL
1999,tt0171804,ok,PASS
1999,tt0179116,ok,PASS
1999,tt0144814,ok,PASS
1999,tt0139134,ok,PASS
1999,tt0144168,ok,PASS
1999,tt0120655,dubious,FAIL
1999,tt0157503,ok,PASS
1999,tt0126886,ok,PASS
1999,tt0120663,ok,PASS
1999,tt0137523,notalk,FAIL
1999,tt0155711,notalk,FAIL
1999,tt0126916,men,FAIL
1999,tt0177789,notalk,FAIL
1999,tt0172493,ok,PASS
1999,tt0139239,ok,PASS
1999,tt0155776,ok,PASS
1999,tt0175880,notalk,FAIL
1999,tt0158811,ok,PASS
1999,tt0132347,nowomen,FAIL
1999,tt0125439,ok,PASS
1999,tt0151804,notalk,FAIL
1999,tt0120784,notalk,FAIL
1999,tt0190641,notalk,FAIL
1999,tt0129332,notalk,FAIL
1999,tt0162661,ok,PASS
1999,tt0158983,dubious,FAIL
1999,tt0120915,ok,PASS
1999,tt0164912,notalk,FAIL
1999,tt0120855,men,FAIL
1999,tt0120657,dubious,FAIL
1999,tt0185937,ok,PASS
1999,tt0144117,nowomen,FAIL
1999,tt0120689,notalk,FAIL
1999,tt0171363,ok,PASS
1999,tt0129167,nowomen,FAIL
1999,tt0133093,ok,PASS
1999,tt0120616,notalk,FAIL
1999,tt0167404,dubious,FAIL
1999,tt0134119,dubious,FAIL
1999,tt0144640,notalk,FAIL
1999,tt0151568,ok,PASS
1999,tt0120363,notalk,FAIL
1999,tt0120458,dubious,FAIL
1999,tt0120891,men,FAIL
1999,tt0131646,men,FAIL
1998,tt0120577,notalk,FAIL
1998,tt0120623,ok,PASS
1998,tt0120586,men,FAIL
1998,tt0120591,notalk,FAIL
1998,tt0120603,ok,PASS
1998,tt0120611,notalk,FAIL
1998,tt0144120,notalk,FAIL
1998,tt0118789,notalk,FAIL
1998,tt0118929,notalk,FAIL
1998,tt0120647,ok,PASS
1998,tt0134619,notalk,FAIL
1998,tt0127536,ok,PASS
1998,tt0120660,notalk,FAIL
1998,tt0120631,ok,PASS
1998,tt0120669,notalk,FAIL
1998,tt0154420,dubious,FAIL
1998,tt0162973,men,FAIL
1998,tt0120685,dubious,FAIL
1998,tt0120694,ok,PASS
1998,tt0147612,ok,PASS
1998,tt0119313,ok,PASS
1998,tt0147004,ok,PASS
1998,tt0120735,notalk,FAIL
1998,tt0120738,ok,PASS
1998,tt0120749,notalk,FAIL
1998,tt0120762,dubious,FAIL
1998,tt0120780,men,FAIL
1998,tt0138704,men,FAIL
1998,tt0120791,ok,PASS
1998,tt0119942,ok,PASS
1998,tt0120800,ok,PASS
1998,tt0128442,notalk,FAIL
1998,tt0130827,notalk,FAIL
1998,tt0120812,ok,PASS
1998,tt0128445,notalk,FAIL
1998,tt0120813,nowomen,FAIL
1998,tt0120815,nowomen,FAIL
1998,tt0138097,ok,PASS
1998,tt0120828,notalk,FAIL
1998,tt0120148,ok,PASS
1998,tt0120831,ok,PASS
1998,tt0122718,notalk,FAIL
1998,tt0120321,ok,PASS
1998,tt0120184,notalk,FAIL
1998,tt0120844,ok,PASS
1998,tt0120686,ok,PASS
1998,tt0118661,ok,PASS
1998,tt0118715,notalk,FAIL
1998,tt0133751,dubious,FAIL
1998,tt0120744,notalk,FAIL
1998,tt0120746,notalk,FAIL
1998,tt0120768,notalk,FAIL
1998,tt0120794,notalk,FAIL
1998,tt0120108,men,FAIL
1998,tt0120863,notalk,FAIL
1998,tt0120382,notalk,FAIL
1998,tt0129387,ok,PASS
1998,tt0146336,ok,PASS
1998,tt0120877,nowomen,FAIL
1998,tt0120879,men,FAIL
1998,tt0120890,men,FAIL
1998,tt0128853,ok,PASS
1997,tt0120133,ok,PASS
1997,tt0118570,notalk,FAIL
1997,tt0118571,notalk,FAIL
1997,tt0118583,ok,PASS
1997,tt0118617,ok,PASS
1997,tt0119822,ok,PASS
1997,tt0118655,men,FAIL
1997,tt0118688,men,FAIL
1997,tt0118749,dubious,FAIL
1997,tt0118829,ok,PASS
1997,tt0118842,ok,PASS
1997,tt0128996,ok,PASS
1997,tt0118866,ok,PASS
1997,tt0118880,notalk,FAIL
1997,tt0118883,men,FAIL
1997,tt0118884,ok,PASS
1997,tt0119080,ok,PASS
1997,tt0119081,ok,PASS
1997,tt0119114,ok,PASS
1997,tt0119137,men,FAIL
1997,tt0119173,ok,PASS
1997,tt0119177,notalk,FAIL
1997,tt0119190,ok,PASS
1997,tt0119217,nowomen,FAIL
1997,tt0119229,ok,PASS
1997,tt0119282,ok,PASS
1997,tt0119345,ok,PASS
1997,tt0119361,notalk,FAIL
1997,tt0119396,ok,PASS
1997,tt0119468,men,FAIL
1997,tt0119488,notalk,FAIL
1997,tt0119528,notalk,FAIL
1997,tt0119654,notalk,FAIL
1997,tt0119698,ok,PASS
1997,tt0119707,ok,PASS
1997,tt0417001,men,FAIL
1997,tt0119738,men,FAIL
1997,tt0124819,notalk,FAIL
1997,tt0120082,ok,PASS
1997,tt0120094,ok,PASS
1997,tt0120152,ok,PASS
1997,tt0120177,ok,PASS
1997,tt0120201,ok,PASS
1997,tt0118971,ok,PASS
1997,tt0119116,notalk,FAIL
1997,tt0119174,notalk,FAIL
1997,tt0119567,dubious,FAIL
1997,tt0119874,dubious,FAIL
1997,tt0119925,notalk,FAIL
1997,tt0120338,ok,PASS
1997,tt0120461,ok,PASS
1996,tt0115591,dubious,FAIL
1996,tt0115736,ok,PASS
1996,tt0115759,nowomen,FAIL
1996,tt0115857,notalk,FAIL
1996,tt0116136,men,FAIL
1996,tt0116191,ok,PASS
1996,tt0116225,notalk,FAIL
1996,tt0116260,ok,PASS
1996,tt0116282,ok,PASS
1996,tt0116361,ok,PASS
1996,tt0116367,notalk,FAIL
1996,tt0116477,notalk,FAIL
1996,tt0116493,ok,PASS
1996,tt0116629,ok,PASS
1996,tt0116705,notalk,FAIL
1996,tt0116778,notalk,FAIL
1996,tt0116931,ok,PASS
1996,tt0116996,ok,PASS
1996,tt0117060,notalk,FAIL
1996,tt0117509,dubious,FAIL
1996,tt0117571,ok,PASS
1996,tt0117589,ok,PASS
1996,tt0117603,ok,PASS
1996,tt0117705,notalk,FAIL
1996,tt0117723,notalk,FAIL
1996,tt0117731,ok,PASS
1996,tt0117765,dubious,FAIL
1996,tt0117887,ok,PASS
1996,tt0115798,notalk,FAIL
1996,tt0115963,ok,PASS
1996,tt0116209,ok,PASS
1996,tt0116277,notalk,FAIL
1996,tt0116313,ok,PASS
1996,tt0116421,notalk,FAIL
1996,tt0116583,notalk,FAIL
1996,tt0116908,notalk,FAIL
1996,tt0117057,ok,PASS
1996,tt0117500,notalk,FAIL
1996,tt0117951,men,FAIL
1996,tt0117998,ok,PASS
1996,tt0118113,ok,PASS
1996,tt0115856,ok,PASS
1995,tt0112384,ok,PASS
1995,tt0112401,notalk,FAIL
1995,tt0112462,notalk,FAIL
1995,tt0112471,nowomen,FAIL
1995,tt0112573,men,FAIL
1995,tt0112641,men,FAIL
1995,tt0112642,ok,PASS
1995,tt0112697,ok,PASS
1995,tt0112715,nowomen,FAIL
1995,tt0112722,dubious,FAIL
1995,tt0112864,notalk,FAIL
1995,tt0113101,notalk,FAIL
1995,tt0113321,ok,PASS
1995,tt0113497,ok,PASS
1995,tt0113749,notalk,FAIL
1995,tt0113855,notalk,FAIL
1995,tt0114069,ok,PASS
1995,tt0114148,ok,PASS
1995,tt0112130,ok,PASS
1995,tt0114319,ok,PASS
1995,tt0114323,ok,PASS
1995,tt0114369,notalk,FAIL
1995,tt0114388,ok,PASS
1995,tt0114436,ok,PASS
1995,tt0114508,dubious,FAIL
1995,tt0114614,ok,PASS
1995,tt0112346,ok,PASS
1995,tt0112579,ok,PASS
1995,tt0113416,ok,PASS
1995,tt0113957,ok,PASS
1995,tt0114214,notalk,FAIL
1995,tt0114814,notalk,FAIL
1995,tt0114709,notalk,FAIL
1995,tt0114746,notalk,FAIL
1995,tt0114898,nowomen,FAIL
1995,tt0114906,ok,PASS
1994,tt0109040,men,FAIL
1994,tt0109254,nowomen,FAIL
1994,tt0109445,notalk,FAIL
1994,tt0109504,ok,PASS
1994,tt0109686,men,FAIL
1994,tt0109707,ok,PASS
1994,tt0109830,notalk,FAIL
1994,tt0110322,ok,PASS
1994,tt0110367,ok,PASS
1994,tt0110622,men,FAIL
1994,tt0110857,notalk,FAIL
1994,tt0110889,ok,PASS
1994,tt0110912,ok,PASS
1994,tt0111257,ok,PASS
1994,tt0111282,notalk,FAIL
1994,tt0111301,ok,PASS
1994,tt0109446,ok,PASS
1994,tt0110074,notalk,FAIL
1994,tt0110357,notalk,FAIL
1994,tt0110475,notalk,FAIL
1994,tt0111070,notalk,FAIL
1994,tt0111143,nowomen,FAIL
1994,tt0111161,nowomen,FAIL
1994,tt0111255,notalk,FAIL
1994,tt0111438,notalk,FAIL
1994,tt0111503,notalk,FAIL
1993,tt0106582,notalk,FAIL
1993,tt0106611,notalk,FAIL
1993,tt0106677,ok,PASS
1993,tt0107007,nowomen,FAIL
1993,tt0107048,men,FAIL
1993,tt0107120,ok,PASS
1993,tt0107290,ok,PASS
1993,tt0107614,ok,PASS
1993,tt0311648,ok,PASS
1993,tt0108052,ok,PASS
1993,tt0108255,dubious,FAIL
1993,tt0106226,ok,PASS
1993,tt0106977,men,FAIL
1993,tt0112389,nowomen,FAIL
1993,tt0107943,nowomen,FAIL
1993,tt0108358,ok,PASS
1992,tt0104257,notalk,FAIL
1992,tt0104694,ok,PASS
1992,tt0103639,nowomen,FAIL
1992,tt0103644,nowomen,FAIL
1992,tt0106308,men,FAIL
1992,tt0103776,nowomen,FAIL
1992,tt0103893,ok,PASS
1992,tt0104070,ok,PASS
1992,tt0104815,nowomen,FAIL
1992,tt0104348,nowomen,FAIL
1992,tt0104412,notalk,FAIL
1992,tt0104431,notalk,FAIL
1992,tt0104797,dubious,FAIL
1992,tt0104952,notalk,FAIL
1992,tt0105236,nowomen,FAIL
1992,tt0104036,men,FAIL
1992,tt0104868,notalk,FAIL
1992,tt0104940,notalk,FAIL
1992,tt0105151,ok,PASS
1992,tt0105793,notalk,FAIL
1991,tt0101414,ok,PASS
1991,tt0101452,notalk,FAIL
1991,tt0102057,men,FAIL
1991,tt0102070,ok,PASS
1991,tt0102798,dubious,FAIL
1991,tt0102943,ok,PASS
1991,tt0102975,men,FAIL
1991,tt0103060,ok,PASS
1991,tt0103064,dubious,FAIL
1991,tt0101272,ok,PASS
1991,tt0102510,notalk,FAIL
1991,tt0102926,ok,PASS
1991,tt0103247,notalk,FAIL
1990,tt0099088,notalk,FAIL
1990,tt0099253,ok,PASS
1990,tt0099817,nowomen,FAIL
1990,tt0099423,dubious,FAIL
1990,tt0099487,ok,PASS
1990,tt0099582,ok,PASS
1990,tt0099653,men,FAIL
1990,tt0099685,men,FAIL
1990,tt0099785,men,FAIL
1990,tt0100263,ok,PASS
1990,tt0100403,men,FAIL
1990,tt0100405,ok,PASS
1990,tt0099810,notalk,FAIL
1990,tt0100802,notalk,FAIL
1990,tt0100814,ok,PASS
1989,tt0096874,ok,PASS
1989,tt0096895,notalk,FAIL
1989,tt0096928,men,FAIL
1989,tt0097165,notalk,FAIL
1989,tt0097499,ok,PASS
1989,tt0097576,nowomen,FAIL
1989,tt0097742,men,FAIL
1989,tt0097815,notalk,FAIL
1989,tt0098206,notalk,FAIL
1989,tt0098724,men,FAIL
1989,tt0098382,notalk,FAIL
1989,tt0096754,ok,PASS
1989,tt0098519,ok,PASS
1989,tt0098546,notalk,FAIL
1988,tt0094612,notalk,FAIL
1988,tt0094625,notalk,FAIL
1988,tt0094721,ok,PASS
1988,tt0092675,notalk,FAIL
1988,tt0094862,ok,PASS
1988,tt0094947,ok,PASS
1988,tt0095016,ok,PASS
1988,tt0095631,men,FAIL
1988,tt0095687,ok,PASS
1988,tt0095690,ok,PASS
1988,tt0095889,ok,PASS
1988,tt0095953,notalk,FAIL
1988,tt0096061,ok,PASS
1988,tt0095489,ok,PASS
1988,tt0095497,men,FAIL
1988,tt0096256,nowomen,FAIL
1988,tt0096320,men,FAIL
1988,tt0096438,notalk,FAIL
1988,tt0096487,notalk,FAIL
1987,tt0092644,notalk,FAIL
1987,tt0092991,dubious,FAIL
1987,tt0093010,dubious,FAIL
1987,tt0093105,notalk,FAIL
1987,tt0093177,ok,PASS
1987,tt0093409,notalk,FAIL
1987,tt0093773,nowomen,FAIL
1987,tt0093818,notalk,FAIL
1987,tt0093870,notalk,FAIL
1987,tt0094012,dubious,FAIL
1987,tt0094074,ok,PASS
1987,tt0093389,dubious,FAIL
1987,tt0093437,notalk,FAIL
1987,tt0093779,men,FAIL
1986,tt0090605,ok,PASS
1986,tt0090555,dubious,FAIL
1986,tt0091203,ok,PASS
1986,tt0091225,dubious,FAIL
1986,tt0091419,notalk,FAIL
1986,tt0091738,ok,PASS
1986,tt0091763,nowomen,FAIL
1986,tt0092005,nowomen,FAIL
1986,tt0090848,ok,PASS
1986,tt0092099,men,FAIL
1985,tt0088763,notalk,FAIL
1985,tt0088846,ok,PASS
1985,tt0088944,notalk,FAIL
1985,tt0088993,nowomen,FAIL
1985,tt0089457,nowomen,FAIL
1985,tt0089469,dubious,FAIL
1985,tt0091578,men,FAIL
1985,tt0089893,ok,PASS
1985,tt0089908,ok,PASS
1985,tt0088939,ok,PASS
1984,tt0087800,men,FAIL
1984,tt0086879,ok,PASS
1984,tt0086960,nowomen,FAIL
1984,tt0086984,men,FAIL
1984,tt0087078,dubious,FAIL
1984,tt0087182,dubious,FAIL
1984,tt0087298,ok,PASS
1984,tt0087332,notalk,FAIL
1984,tt0087363,notalk,FAIL
1984,tt0087469,nowomen,FAIL
1984,tt0087928,dubious,FAIL
1984,tt0087995,men,FAIL
1984,tt0088161,notalk,FAIL
1984,tt0088170,notalk,FAIL
1984,tt0087538,ok,PASS
1984,tt0088247,men,FAIL
1983,tt0085549,ok,PASS
1983,tt0086190,nowomen,FAIL
1983,tt0086393,ok,PASS
1983,tt0086541,men,FAIL
1983,tt0086567,notalk,FAIL
1982,tt0083658,notalk,FAIL
1982,tt0083722,ok,PASS
1982,tt0082198,notalk,FAIL
1982,tt0083833,notalk,FAIL
1982,tt0083866,dubious,FAIL
1982,tt0083929,men,FAIL
1982,tt0083944,nowomen,FAIL
1982,tt0083972,dubious,FAIL
1982,tt0084516,ok,PASS
1982,tt0084522,men,FAIL
1982,tt0084726,dubious,FAIL
1982,tt0083642,ok,PASS
1982,tt0084805,notalk,FAIL
1982,tt0084827,nowomen,FAIL
1981,tt0082096,nowomen,FAIL
1981,tt0082340,nowomen,FAIL
1981,tt0082418,notalk,FAIL
1981,tt0082495,ok,PASS
1981,tt0082509,notalk,FAIL
1981,tt0082517,notalk,FAIL
1981,tt0082971,nowomen,FAIL
1981,tt0083907,notalk,FAIL
1981,tt0081633,notalk,FAIL
1980,tt0080339,dubious,FAIL
1980,tt0080492,ok,PASS
1980,tt0080716,ok,PASS
1980,tt0080745,dubious,FAIL
1980,tt0080761,men,FAIL
1980,tt0080855,nowomen,FAIL
1980,tt0081375,ok,PASS
1980,tt0081398,notalk,FAIL
1980,tt0081534,men,FAIL
1980,tt0080684,nowomen,FAIL
1980,tt0081573,dubious,FAIL
1980,tt0080455,notalk,FAIL
1980,tt0080749,ok,PASS
1980,tt0081505,men,FAIL
1979,tt0078748,ok,PASS
1979,tt0078788,nowomen,FAIL
1979,tt0079574,notalk,FAIL
1979,tt0079945,notalk,FAIL
1979,tt0078767,ok,PASS
1978,tt0077975,men,FAIL
1978,tt0077402,nowomen,FAIL
1978,tt0077405,ok,PASS
1978,tt0077631,ok,PASS
1978,tt0077651,dubious,FAIL
1978,tt0077713,nowomen,FAIL
1978,tt0078346,notalk,FAIL
1978,tt0077416,notalk,FAIL
1977,tt0075784,notalk,FAIL
1977,tt0075686,ok,PASS
1977,tt0075860,notalk,FAIL
1977,tt0074486,nowomen,FAIL
1977,tt0076141,notalk,FAIL
1977,tt0076245,ok,PASS
1977,tt0076759,notalk,FAIL
1976,tt0074156,notalk,FAIL
1976,tt0074512,ok,PASS
1976,tt0074812,men,FAIL
1976,tt0074958,ok,PASS
1976,tt0075148,notalk,FAIL
1976,tt0075222,notalk,FAIL
1976,tt0075249,ok,PASS
1976,tt0075314,notalk,FAIL
1975,tt0072684,notalk,FAIL
1975,tt0073195,notalk,FAIL
1975,tt0071853,men,FAIL
1975,tt0073486,men,FAIL
1975,tt0073629,dubious,FAIL
1974,tt0071222,ok,PASS
1974,tt0071230,notalk,FAIL
1974,tt0071360,notalk,FAIL
1974,tt0071562,ok,PASS
1974,tt0072271,notalk,FAIL
1974,tt0072308,notalk,FAIL
1974,tt0072431,men,FAIL
1973,tt0069704,men,FAIL
1973,tt0068699,notalk,FAIL
1973,tt0070707,notalk,FAIL
1973,tt0070047,ok,PASS
1973,tt0070735,notalk,FAIL
1972,tt0068156,notalk,FAIL
1972,tt0069089,ok,PASS
1972,tt0068646,notalk,FAIL
1971,tt0067065,notalk,FAIL
1971,tt0067741,notalk,FAIL
1971,tt0067800,notalk,FAIL
1971,tt0067116,notalk,FAIL
1971,tt0067992,men,FAIL
1970,tt0065466,ok,PASS
